{"timestamprun":1538518552486,"nameofapi":"SMHI","countOfItems":108385,"sumOfTempc":608663.6000000128,"sumOfWind":556215.1999999989,"sumOfPressure":108988322.39999984,"sumOfHumidityPer":8716339,"sumOfCloudiness":7307325,"sumOfHCloudiness":4013225,"sumOfLCloudiness":4792587.5,"sumOfMCloudiness":3077550,"timeLastUpdate":1538503229,"sumoftempcdiffwithmetno":0,"longlats":[31024.84787799999,98141.75773100005]}